Player,Probability,Prediction
Jaden Ivey,0.6869343969996143,1
Cade Cunningham,0.6350958479928963,1
Paolo Banchero,0.53786702144201,1
Zach Edey,0.5225084265456481,1
Keyonte George,0.5008800194789533,1
